nodeID,title,descrip
OWALK00101,title1,description numero unoo
OWALK00201,title2,description numero dos
OWALK00301,title3,description numero dos
OWALK00401,title4,description numero dos
OWALK00501,title5,description numero dos
OWALK00601,title6,description numero dos
OWALK00701,title7,description numero dos
OWALK00801,title8,description numero dos
OWALK00901,title9,description numero dos
OWALK01001,title0,description numero dos
OWALK01101,title1,description numero dos
OWALK01201,title2,description numero dos
OWALK01301,title3,description numero dos
OWALK01401,title4,description numero dos
OWALK01501,title5,description numero dos
OWALK01601,title6,description numero dos
OWALK01701,title7,description numero dos
OWALK01801,title8,description numero dos
OWALK01901,title9,description numero dos
OWALK02001,title0,description numero dos
OWALK02101,title1,description numero dos
OWALK02201,title2,description numero dos
OPARK00101,title1,description numero dos
OPARK00201,title2,description numero dos
OPARK00301,title3,description numero dos
OPARK00401,title4,description numero dos
OPARK00501,title5,description numero dos
OPARK00601,title6,description numero dos
OPARK00701,title7,description numero dos
OPARK00801,title8,description numero dos
OPARK00901,title9,description numero dos
OPARK01001,title0,description numero dos
OPARK01101,title1,description numero dos
OPARK01201,title2,description numero dos
OPARK01301,title3,description numero dos
OPARK01401,title4,description numero dos
OPARK01501,title5,description numero dos
OPARK01601,title6,description numero dos
OPARK01701,title7,description numero dos
OPARK01801,title8,description numero dos
OPARK01901,title9,description numero dos
OPARK02001,title0,description numero dos
OPARK02101,title1,description numero dos
OPARK02201,title2,description numero dos
OPARK02301,title3,description numero dos
OPARK02401,title4,description numero dos
OPARK02501,title5,description numero dos
OPARK02601,title6,description numero dos
OPARK02701,title7,description numero dos
OPARK02801,title8,description numero dos
OPARK02901,title9,description numero dos
OPARK03001,title0,description numero dos
OEXIT00101,title1,description numero dos
OEXIT00201,title2,description numero dos
OEXIT00301,title3,description numero dos
